txid,bookingdate,issuercountrycode,txvariantcode,bin,amount,currencycode,shoppercountrycode,shopperinteraction,simple_journal,cardverificationcodesupplied,cvcresponsecode,creationdate,accountcode,mail_id,ip_id,card_id
1,2015-11-09 14:26:51,MX,mccredit,530056,64800,MXN,MX,Ecommerce,Chargeback,TRUE,0,2015-07-01 23:03:11,MexicoAccount,email68370,ip111778,card184798
2,2015-11-09 14:27:38,MX,mccredit,547046,44900,MXN,MX,Ecommerce,Chargeback,TRUE,0,2015-07-02 04:50:55,MexicoAccount,email101299,ip78749,card151595
3,2015-11-23 16:34:16,MX,mccredit,528843,149900,MXN,MX,Ecommerce,Chargeback,TRUE,0,2015-07-02 14:30:28,MexicoAccount,email278604,ip70594,card242142
4,2015-11-23 16:34:51,MX,mccredit,547146,109900,MXN,MX,Ecommerce,Chargeback,TRUE,0,2015-07-03 07:53:37,MexicoAccount,email47409,ip113648,card181744
5,2015-11-09 14:26:08,MX,visaclassic,477291,89900,MXN,MX,Ecommerce,Chargeback,TRUE,0,2015-07-08 18:35:35,MexicoAccount,email205501,ip83553,card97271
6,2015-11-09 14:26:25,MX,visaclassic,493161,79900,MXN,MX,Ecommerce,Chargeback,TRUE,0,2015-07-08 23:04:26,MexicoAccount,email243511,ip112410,card159816
7,2015-11-09 14:26:47,MX,visaclassic,477291,69900,MXN,MX,Ecommerce,Chargeback,TRUE,0,2015-07-09 02:31:36,MexicoAccount,email137086,ip83481,card251249
8,2015-11-23 16:34:29,MX,mccredit,520416,129900,MXN,MX,Ecommerce,Chargeback,TRUE,0,2015-07-09 04:56:48,MexicoAccount,email295644,ip66704,card70297
9,2015-12-08 19:58:35,MX,visaclassic,477291,129900,MXN,MX,Ecommerce,Chargeback,TRUE,0,2015-07-09 22:55:40,MexicoAccount,email115605,ip68088,card39791
10,2015-11-09 14:25:50,MX,mccredit,549138,99900,MXN,MX,Ecommerce,Chargeback,TRUE,0,2015-07-11 09:44:14,MexicoAccount,email182966,ip113025,card160922
11,2015-11-23 16:34:29,MX,mccredit,520416,129900,MXN,MX,Ecommerce,Chargeback,TRUE,0,2015-07-11 18:54:05,MexicoAccount,email121326,ip66645,card101732
12,2015-11-09 14:26:11,MX,mcdebit,525678,84915,MXN,MX,Ecommerce,Chargeback,TRUE,0,2015-07-15 23:46:02,MexicoAccount,email73234,ip76993,card208276
13,2015-12-08 19:58:35,MX,visagold,493173,119900,MXN,MX,Ecommerce,Chargeback,TRUE,0,2015-07-17 03:25:00,MexicoAccount,email92697,ip76878,card264612
14,2015-11-09 14:25:51,MX,visagold,477213,99900,MXN,MX,Ecommerce,Chargeback,TRUE,0,2015-07-17 07:52:16,MexicoAccount,email128862,ip70728,card250464
15,2015-11-23 16:34:25,MX,mccredit,520416,137900,MXN,MX,Ecommerce,Chargeback,TRUE,0,2015-07-19 01:54:35,MexicoAccount,email205298,ip78514,card214147
16,2015-11-23 16:34:41,MX,visaclassic,455545,115300,MXN,MX,Ecommerce,Chargeback,TRUE,0,2015-07-21 21:30:18,MexicoAccount,email200329,ip85198,card67812
17,2015-11-23 16:34:56,MX,mccredit,528843,102900,MXN,MX,Ecommerce,Chargeback,TRUE,0,2015-07-22 01:22:11,MexicoAccount,email52218,ip66658,card15137
18,2015-11-23 16:34:06,MX,visaclassic,426807,159900,MXN,MX,Ecommerce,Chargeback,TRUE,0,2015-07-22 02:36:30,MexicoAccount,email241832,ip77787,card31669
19,2015-12-08 19:58:35,MX,mccredit,544549,89165,MXN,MX,Ecommerce,Chargeback,TRUE,0,2015-07-22 07:09:44,MexicoAccount,email171889,ip70519,card241186
20,2015-11-23 16:34:39,MX,mccredit,557910,119900,MXN,MX,Ecommerce,Chargeback,TRUE,0,2015-07-23 18:55:21,MexicoAccount,email260026,ip65124,card157094
21,2015-11-23 16:34:05,MX,mccredit,520416,160800,MXN,MX,Ecommerce,Chargeback,TRUE,0,2015-07-23 23:44:27,MexicoAccount,email105581,ip81624,card235670
22,2015-12-08 19:58:35,MX,mccredit,520021,89900,MXN,MX,Ecommerce,Chargeback,TRUE,0,2015-07-25 23:11:22,MexicoAccount,email250381,ip64823,card43275
23,2015-11-09 14:25:54,MX,mccredit,520021,97900,MXN,MX,Ecommerce,Chargeback,TRUE,0,2015-07-26 03:55:52,MexicoAccount,email13339,ip67976,card270780
24,2015-11-23 16:34:28,MX,mccredit,518853,129900,MXN,US,Ecommerce,Chargeback,TRUE,0,2015-07-26 22:22:29,MexicoAccount,email100813,ip352385,card236034
25,2015-11-12 13:16:34,MX,mccredit,520416,191900,MXN,MX,Ecommerce,Chargeback,TRUE,0,2015-07-28 18:02:51,MexicoAccount,email21032,ip70585,card252061
26,2015-11-09 14:25:57,MX,mccredit,554900,93415,MXN,MX,Ecommerce,Chargeback,TRUE,0,2015-07-28 22:40:35,MexicoAccount,email93270,ip112449,card147712
27,2015-11-12 13:16:34,MX,visaclassic,477291,289900,MXN,MX,Ecommerce,Chargeback,TRUE,0,2015-07-29 17:56:53,MexicoAccount,email21032,ip70585,card140567
28,2015-11-23 16:34:40,MX,visaplatinum,477214,118900,MXN,MX,Ecommerce,Chargeback,TRUE,0,2015-07-30 05:48:47,MexicoAccount,email332232,ip112910,card148220
29,2015-11-12 13:16:34,MX,visaplatinum,410181,329900,MXN,MX,Ecommerce,Chargeback,TRUE,0,2015-07-30 07:30:54,MexicoAccount,email136002,ip111250,card45886
30,2015-11-12 13:16:34,MX,visaplatinum,410181,181900,MXN,MX,Ecommerce,Chargeback,TRUE,0,2015-07-30 07:38:38,MexicoAccount,email136002,ip111250,card45886
31,2015-11-23 16:33:59,MX,visaclassic,493161,169915,MXN,MX,Ecommerce,Chargeback,TRUE,0,2015-07-30 20:24:36,MexicoAccount,email251083,ip84162,card48227
32,2015-12-08 19:58:35,MX,visaclassic,454069,99900,MXN,MX,Ecommerce,Chargeback,TRUE,0,2015-07-30 22:16:04,MexicoAccount,email163478,ip113963,card266191
33,2015-11-23 16:34:29,MX,visaclassic,426807,129900,MXN,MX,Ecommerce,Chargeback,TRUE,0,2015-07-31 08:12:22,MexicoAccount,email346054,ip77866,card193843
34,2015-11-09 14:26:13,MX,mccredit,520416,83900,MXN,MX,Ecommerce,Chargeback,TRUE,0,2015-07-31 14:27:42,MexicoAccount,email129360,ip66658,card47876
35,2015-11-09 14:26:25,MX,visaplatinum,477214,79900,MXN,MX,Ecommerce,Chargeback,TRUE,0,2015-07-31 23:02:22,MexicoAccount,email92308,ip77120,card88373
36,2015-11-23 16:34:38,MX,mccredit,547046,119900,MXN,MX,Ecommerce,Chargeback,TRUE,0,2015-08-01 09:10:49,MexicoAccount,email136002,ip66496,card131108
37,2015-11-12 13:16:35,MX,mccredit,547046,217700,MXN,MX,Ecommerce,Chargeback,TRUE,0,2015-08-01 09:29:45,MexicoAccount,email136002,ip66496,card131108
38,2015-11-09 14:25:51,MX,visaclassic,477291,99800,MXN,MX,Ecommerce,Chargeback,TRUE,0,2015-08-03 02:42:48,MexicoAccount,email171719,ip68604,card240559
39,2015-11-23 16:34:34,MX,visaplatinum,477214,119940,MXN,MX,Ecommerce,Chargeback,TRUE,0,2015-08-03 05:21:13,MexicoAccount,email45466,ip80018,card182393
40,2015-12-08 19:58:35,MX,visaclassic,477291,109900,MXN,MX,Ecommerce,Chargeback,TRUE,0,2015-08-03 14:47:55,MexicoAccount,email110896,ip79213,card217683
41,2015-12-08 19:58:36,MX,mccredit,517712,199900,MXN,MX,Ecommerce,Chargeback,TRUE,0,2015-08-03 17:35:21,MexicoAccount,email252743,ip110195,card100209
42,2015-12-08 19:58:36,MX,mccredit,557910,95900,MXN,MX,Ecommerce,Chargeback,TRUE,0,2015-08-03 22:51:26,MexicoAccount,email146808,ip77056,card253893
43,2015-11-23 16:34:56,MX,mccredit,520416,103900,MXN,MX,Ecommerce,Chargeback,TRUE,0,2015-08-04 08:51:51,MexicoAccount,email205214,ip66724,card213179
44,2015-12-08 19:58:36,MX,visadebit,441545,129900,MXN,MX,Ecommerce,Chargeback,TRUE,0,2015-08-04 10:51:24,MexicoAccount,email136002,ip66496,card77403
45,2015-11-23 16:34:52,MX,visagold,477213,109900,MXN,MX,Ecommerce,Chargeback,TRUE,0,2015-08-05 03:37:29,MexicoAccount,email92803,ip69307,card248056
46,2015-12-08 19:58:36,MX,mccredit,522174,74900,MXN,MX,Ecommerce,Chargeback,TRUE,0,2015-08-05 17:47:45,MexicoAccount,email21032,ip70586,card134288
47,2016-01-13 21:18:35,MX,visaclassic,477291,109900,MXN,MX,Ecommerce,Chargeback,TRUE,0,2015-08-06 02:45:48,MexicoAccount,email72344,ip81354,card222807
48,2015-11-23 16:34:30,MX,mccredit,520416,129900,MXN,MX,Ecommerce,Chargeback,TRUE,0,2015-08-06 19:11:23,MexicoAccount,email334864,ip80629,card99997
49,2015-11-09 14:27:05,MX,visadebit,416916,59800,MXN,MX,Ecommerce,Chargeback,TRUE,0,2015-08-08 02:54:30,MexicoAccount,email92748,ip80156,card63236
50,2015-12-08 19:58:36,MX,mccredit,547146,99900,MXN,MX,Ecommerce,Chargeback,TRUE,0,2015-08-08 05:05:08,MexicoAccount,email51862,ip78633,card239579
51,2015-12-08 19:58:36,MX,visaclassic,477291,119940,MXN,MX,Ecommerce,Chargeback,TRUE,0,2015-08-10 04:06:38,MexicoAccount,email45468,ip79970,card66367
52,2015-11-23 16:34:34,MX,visaclassic,477291,119940,MXN,MX,Ecommerce,Chargeback,TRUE,0,2015-08-10 05:56:18,MexicoAccount,email152900,ip79974,card67358
53,2015-11-23 16:34:38,MX,mccredit,554629,119900,MXN,MX,Ecommerce,Chargeback,TRUE,0,2015-08-10 22:56:19,MexicoAccount,email15408,ip53370,card74661
54,2015-11-23 16:34:52,MX,mccredit,547046,109900,MXN,MX,Ecommerce,Chargeback,TRUE,0,2015-08-12 07:13:38,MexicoAccount,email346968,ip66157,card33244
55,2015-11-12 13:16:35,MX,mccredit,554629,39900,MXN,MX,Ecommerce,Chargeback,TRUE,0,2015-08-12 21:01:35,MexicoAccount,email110639,ip111251,card40390
56,2015-11-23 16:34:52,MX,visaclassic,477291,109900,MXN,MX,Ecommerce,Chargeback,TRUE,0,2015-08-13 03:28:00,MexicoAccount,email272807,ip112324,card271123
57,2015-12-08 19:58:37,MX,mccredit,520416,29900,MXN,MX,Ecommerce,Chargeback,TRUE,0,2015-08-13 23:12:41,MexicoAccount,email254473,ip79224,card170352
58,2015-11-23 16:33:59,MX,visaplatinum,477214,174600,MXN,MX,Ecommerce,Chargeback,TRUE,0,2015-08-15 10:00:25,MexicoAccount,email45467,ip79967,card229586
59,2015-12-08 19:58:37,MX,visaclassic,493161,183900,MXN,MX,Ecommerce,Chargeback,TRUE,0,2015-08-18 02:27:22,MexicoAccount,email260038,ip77098,card171137
60,2015-11-09 14:26:26,MX,mccredit,535875,79800,MXN,MX,Ecommerce,Chargeback,TRUE,0,2015-08-18 17:25:32,MexicoAccount,email346417,ip113577,card110464
61,2015-11-12 13:16:35,MX,visaclassic,455500,399900,MXN,MX,Ecommerce,Chargeback,TRUE,0,2015-08-20 00:15:57,MexicoAccount,email110975,ip67308,card255653
62,2015-11-09 14:26:14,MX,visaclassic,418080,83900,MXN,MX,Ecommerce,Chargeback,TRUE,0,2015-08-20 05:59:27,MexicoAccount,email65572,ip81994,card14537
63,2015-11-23 16:34:52,MX,mccredit,554629,109900,MXN,MX,Ecommerce,Chargeback,TRUE,0,2015-08-20 06:03:54,MexicoAccount,email153790,ip55320,card250241
64,2015-11-12 13:16:35,MX,visaclassic,477291,199900,MXN,MX,Ecommerce,Chargeback,TRUE,0,2015-08-20 21:30:33,MexicoAccount,email92808,ip69940,card130901
65,2015-11-09 14:27:39,MX,visaclassic,477291,41900,MXN,MX,Ecommerce,Chargeback,TRUE,0,2015-08-22 05:38:51,MexicoAccount,email309212,ip114017,card136478
66,2015-11-23 16:34:16,MX,visaclassic,477291,149900,MXN,MX,Ecommerce,Chargeback,TRUE,0,2015-08-22 07:56:33,MexicoAccount,email164007,ip110536,card119514
67,2015-11-23 16:34:10,MX,visaclassic,477291,153900,MXN,MX,Ecommerce,Chargeback,TRUE,0,2015-08-25 20:01:25,MexicoAccount,email205408,ip61472,card34327
68,2015-11-23 16:34:29,MX,visaclassic,477291,129900,MXN,MX,Ecommerce,Chargeback,TRUE,0,2015-08-27 01:03:43,MexicoAccount,email115383,ip112402,card108146
69,2015-11-09 14:26:24,MX,visaplatinum,477214,79900,MXN,MX,Ecommerce,Chargeback,TRUE,0,2015-08-27 09:22:33,MexicoAccount,email221682,ip85090,card184037
70,2015-11-12 13:16:36,MX,visadebit,421316,329900,MXN,MX,Ecommerce,Chargeback,TRUE,0,2015-08-27 20:58:24,MexicoAccount,email92612,ip66236,card17825
71,2015-11-23 16:34:24,MX,visagold,477213,139900,MXN,MX,Ecommerce,Chargeback,TRUE,0,2015-08-28 01:20:29,MexicoAccount,email85746,ip79980,card79066
72,2015-11-12 13:16:36,MX,visaclassic,420199,189900,MXN,MX,Ecommerce,Chargeback,TRUE,0,2015-08-28 05:35:09,MexicoAccount,email85714,ip84052,card195152
73,2015-11-12 13:16:36,MX,visaclassic,420199,184800,MXN,MX,Ecommerce,Chargeback,TRUE,0,2015-08-28 07:28:50,MexicoAccount,email85745,ip79997,card180625
74,2015-11-12 13:16:36,MX,visaplatinum,477214,189800,MXN,MX,Ecommerce,Chargeback,TRUE,0,2015-08-30 02:37:52,MexicoAccount,email85684,ip84133,card185007
75,2016-03-03 21:08:09,MX,mccredit,528843,149900,MXN,MX,Ecommerce,Chargeback,TRUE,0,2015-08-31 19:24:53,MexicoAccount,email125640,ip67696,card212019
76,2015-12-08 19:58:37,MX,visaplatinum,477214,182800,MXN,MX,Ecommerce,Chargeback,TRUE,0,2015-08-31 23:11:09,MexicoAccount,email85716,ip79978,card88606
77,2015-12-08 19:58:37,MX,visaclassic,455545,169800,MXN,MX,Ecommerce,Chargeback,TRUE,0,2015-09-02 00:54:20,MexicoAccount,email343416,ip67927,card159223
78,2015-11-23 16:34:16,MX,visagold,477213,149900,MXN,MX,Ecommerce,Chargeback,TRUE,0,2015-09-02 18:21:15,MexicoAccount,email342107,ip69950,card221724
79,2015-12-08 19:58:37,MX,visaplatinum,477214,169900,MXN,MX,Ecommerce,Chargeback,TRUE,0,2015-09-02 22:26:06,MexicoAccount,email343941,ip84116,card42364
80,2015-12-08 19:58:37,MX,visaplatinum,477214,159900,MXN,MX,Ecommerce,Chargeback,TRUE,0,2015-09-03 19:03:00,MexicoAccount,email85707,ip84062,card255267
81,2016-01-13 21:18:35,MX,visaclassic,493161,101915,MXN,MX,Ecommerce,Chargeback,TRUE,0,2015-09-03 19:58:22,MexicoAccount,email268902,ip64814,card206924
82,2015-11-23 16:34:06,MX,visaplatinum,477214,159900,MXN,MX,Ecommerce,Chargeback,TRUE,0,2015-09-03 20:52:38,MexicoAccount,email85715,ip84114,card3922
83,2015-12-08 19:58:37,MX,mccredit,528843,45400,MXN,MX,Ecommerce,Chargeback,TRUE,0,2015-09-03 22:56:57,MexicoAccount,email143141,ip78380,card243564
84,2015-12-08 19:58:38,MX,visaplatinum,477214,159800,MXN,MX,Ecommerce,Chargeback,TRUE,0,2015-09-04 00:14:57,MexicoAccount,email85708,ip84112,card225953
85,2015-11-09 14:26:32,MX,visagold,477213,74900,MXN,MX,Ecommerce,Chargeback,TRUE,0,2015-09-04 05:32:20,MexicoAccount,email342107,ip69950,card221724
86,2015-11-23 16:34:00,MX,mccredit,547046,169900,MXN,MX,Ecommerce,Chargeback,TRUE,0,2015-09-05 08:35:31,MexicoAccount,email148527,ip6336,card108294
87,2015-11-23 16:34:10,MX,mccredit,554629,153900,MXN,MX,Ecommerce,Chargeback,TRUE,0,2015-09-06 08:33:14,MexicoAccount,email26019,ip81756,card211757
88,2015-11-23 16:34:24,MX,mccredit,547092,139900,MXN,MX,Ecommerce,Chargeback,TRUE,0,2015-09-06 22:22:14,MexicoAccount,email120246,ip84100,card100858
89,2015-11-12 13:16:37,MX,mccredit,547092,199800,MXN,MX,Ecommerce,Chargeback,TRUE,0,2015-09-07 01:56:45,MexicoAccount,email120247,ip84105,card17736
90,2015-11-12 13:16:37,MX,mccredit,547046,239800,MXN,MX,Ecommerce,Chargeback,TRUE,0,2015-09-07 04:50:01,MexicoAccount,email76886,ip82698,card75270
91,2015-12-08 19:58:38,MX,visagold,477213,189800,MXN,MX,Ecommerce,Chargeback,TRUE,0,2015-09-09 06:28:25,MexicoAccount,email269684,ip113860,card97365
92,2015-12-08 19:58:38,MX,visaclassic,493161,309800,MXN,MX,Ecommerce,Chargeback,TRUE,0,2015-09-09 18:34:34,MexicoAccount,email110710,ip79744,card136291
93,2015-12-08 19:58:38,MX,visaclassic,493161,274700,MXN,MX,Ecommerce,Chargeback,TRUE,0,2015-09-09 18:43:37,MexicoAccount,email110710,ip79744,card136291
94,2016-01-13 21:18:35,MX,visaclassic,493172,289700,MXN,MX,Ecommerce,Chargeback,TRUE,0,2015-09-09 22:17:30,MexicoAccount,email231311,ip84355,card7845
95,2015-12-08 19:58:38,MX,visagold,455255,89900,MXN,MX,Ecommerce,Chargeback,TRUE,0,2015-09-11 08:53:49,MexicoAccount,email265992,ip42080,card177780
96,2015-12-08 19:58:38,MX,visaclassic,477291,269800,MXN,MX,Ecommerce,Chargeback,TRUE,0,2015-09-14 18:43:10,MexicoAccount,email91755,ip68258,card135102
97,2015-11-09 14:26:09,MX,visaclassic,417849,89700,MXN,MX,Ecommerce,Chargeback,TRUE,0,2015-09-18 00:02:48,MexicoAccount,email51810,ip111247,card23089
98,2015-12-08 19:58:39,MX,visadebit,421316,59900,MXN,MX,Ecommerce,Chargeback,TRUE,0,2015-09-18 01:24:44,MexicoAccount,email85705,ip81717,card227836
99,2016-03-03 22:44:28,MX,visaclassic,493172,279700,MXN,MX,Ecommerce,Chargeback,TRUE,0,2015-09-18 07:56:11,MexicoAccount,email288922,ip71405,card154659
100,2015-11-09 14:26:25,MX,mccredit,549138,79900,MXN,MX,Ecommerce,Chargeback,TRUE,0,2015-09-19 04:31:06,MexicoAccount,email222155,ip111631,card174087
101,2015-11-09 14:25:51,MX,visadebit,421316,99900,MXN,MX,Ecommerce,Chargeback,TRUE,0,2015-09-19 05:36:05,MexicoAccount,email13251,ip69300,card216473
102,2015-12-08 19:58:39,MX,visaclassic,405306,29900,MXN,MX,Ecommerce,Chargeback,TRUE,0,2015-09-21 02:24:16,MexicoAccount,email53604,ip6330,card184406
103,2015-12-08 19:58:39,MX,visaplatinum,477214,179900,MXN,MX,Ecommerce,Chargeback,TRUE,0,2015-09-23 05:09:42,MexicoAccount,email275978,ip84096,card146232
104,2015-12-08 19:58:39,MX,visaclassic,477291,159900,MXN,MX,Ecommerce,Chargeback,TRUE,0,2015-09-25 16:23:12,MexicoAccount,email265812,ip80399,card155689
105,2016-01-13 21:18:35,MX,mccredit,522174,318410,MXN,MX,Ecommerce,Chargeback,TRUE,0,2015-09-27 07:36:06,MexicoAccount,email221715,ip111746,card248970
106,2015-12-08 19:58:39,MX,visadebit,421316,89900,MXN,MX,Ecommerce,Chargeback,TRUE,0,2015-09-30 00:27:04,MexicoAccount,email304364,ip61168,card262777
107,2015-12-08 19:58:39,MX,visagold,455255,99900,MXN,MX,Ecommerce,Chargeback,TRUE,0,2015-09-30 01:07:37,MexicoAccount,email108304,ip111936,card79672
108,2015-12-08 19:58:40,MX,visagold,455255,114700,MXN,MX,Ecommerce,Chargeback,TRUE,0,2015-10-02 22:49:17,MexicoAccount,email85147,ip67995,card155682
109,2015-12-08 19:58:40,MX,mccredit,535875,118915,MXN,MX,Ecommerce,Chargeback,TRUE,0,2015-10-02 23:51:08,MexicoAccount,email192255,ip113030,card216685
110,2016-01-13 21:18:35,MX,visaclassic,477291,39900,MXN,MX,Ecommerce,Chargeback,TRUE,0,2015-10-05 07:29:06,MexicoAccount,email42127,ip82460,card24142
111,2015-12-08 19:58:40,MX,mccredit,528851,89900,MXN,MX,Ecommerce,Chargeback,TRUE,0,2015-10-06 06:32:04,MexicoAccount,email217440,ip79964,card149558
112,2016-01-13 21:18:36,MX,mccredit,545631,139800,MXN,MX,Ecommerce,Chargeback,TRUE,0,2015-10-07 00:19:48,MexicoAccount,email172798,ip112422,card243668
113,2016-03-03 21:08:11,MX,visaclassic,405306,239700,MXN,MX,Ecommerce,Chargeback,TRUE,0,2015-10-08 01:28:42,MexicoAccount,email328674,ip70031,card254539
114,2015-12-08 19:58:40,MX,mccredit,528843,199900,MXN,MX,Ecommerce,Chargeback,TRUE,0,2015-10-09 03:41:13,MexicoAccount,email153861,ip63010,card26256
115,2016-03-03 21:08:11,MX,visagold,455255,149800,MXN,MX,Ecommerce,Chargeback,TRUE,0,2015-10-09 18:48:32,MexicoAccount,email60290,ip69262,card2468
116,2016-01-13 21:18:36,MX,mccredit,547146,159900,MXN,MX,Ecommerce,Chargeback,TRUE,0,2015-10-09 22:13:40,MexicoAccount,email187379,ip67556,card114996
117,2015-12-08 19:58:40,MX,visaclassic,477291,329900,MXN,MX,Ecommerce,Chargeback,TRUE,0,2015-10-10 02:29:57,MexicoAccount,email55291,ip68304,card37090
118,2016-03-03 22:44:37,MX,visaplatinum,493158,174800,MXN,MX,Ecommerce,Chargeback,TRUE,0,2015-10-10 11:09:57,MexicoAccount,email112275,ip111351,card78455
119,2015-12-08 19:58:40,MX,visadebit,421316,129900,MXN,MX,Ecommerce,Chargeback,TRUE,0,2015-10-10 23:51:01,MexicoAccount,email74363,ip61645,card223620
120,2016-01-13 21:18:36,MX,visaclassic,477291,59700,MXN,MX,Ecommerce,Chargeback,TRUE,0,2015-10-12 04:39:17,MexicoAccount,email252368,ip110376,card159508
121,2016-01-13 21:18:36,MX,mccredit,547046,89800,MXN,MX,Ecommerce,Chargeback,TRUE,0,2015-10-12 06:54:28,MexicoAccount,email221921,ip84110,card125915
122,2016-01-13 21:18:36,MX,mcdebit,525678,99900,MXN,MX,Ecommerce,Chargeback,TRUE,0,2015-10-12 18:54:35,MexicoAccount,email108296,ip60803,card253717
123,2015-12-08 19:58:40,MX,mccredit,547046,90900,MXN,MX,Ecommerce,Chargeback,TRUE,0,2015-10-12 23:38:39,MexicoAccount,email156322,ip84107,card141251
124,2015-12-08 19:58:41,MX,mccredit,547146,90900,MXN,MX,Ecommerce,Chargeback,TRUE,0,2015-10-13 03:46:31,MexicoAccount,email167269,ip84055,card47657
125,2015-12-08 19:58:41,MX,mccredit,547046,99900,MXN,MX,Ecommerce,Chargeback,TRUE,0,2015-10-13 17:02:30,MexicoAccount,email85711,ip84077,card181658
126,2016-01-13 21:18:36,MX,mccredit,547046,59900,MXN,MX,Ecommerce,Chargeback,TRUE,0,2015-10-14 04:22:28,MexicoAccount,email14753,ip79973,card97051
127,2015-12-08 19:58:41,MX,mccredit,547146,59900,MXN,MX,Ecommerce,Chargeback,TRUE,0,2015-10-16 00:05:44,MexicoAccount,email161735,ip79982,card79549
128,2015-12-08 19:58:41,MX,visaclassic,477291,99900,MXN,MX,Ecommerce,Chargeback,TRUE,0,2015-10-16 08:03:19,MexicoAccount,email108296,ip60803,card24100
129,2016-03-03 22:44:31,MX,mccredit,548234,679800,MXN,MX,Ecommerce,Chargeback,TRUE,0,2015-10-16 21:53:47,MexicoAccount,email137532,ip82400,card25147
130,2016-01-13 21:18:36,MX,mccredit,549138,129900,MXN,MX,Ecommerce,Chargeback,TRUE,0,2015-10-17 02:46:47,MexicoAccount,email8082,ip84440,card181005
131,2016-01-13 21:18:37,MX,visagold,493173,109800,MXN,MX,Ecommerce,Chargeback,TRUE,0,2015-10-17 21:25:54,MexicoAccount,email105900,ip113820,card187058
132,2016-03-03 22:44:32,MX,mccredit,547096,149800,MXN,MX,Ecommerce,Chargeback,TRUE,0,2015-10-17 23:58:05,MexicoAccount,email20206,ip67405,card207056
133,2015-12-08 19:58:41,MX,visabusiness,493136,154700,MXN,MX,Ecommerce,Chargeback,TRUE,0,2015-10-19 04:17:39,MexicoAccount,email39688,ip81993,card246819
134,2016-01-13 21:18:37,MX,mccredit,557907,149900,MXN,MX,Ecommerce,Chargeback,TRUE,0,2015-10-20 03:08:21,MexicoAccount,email28923,ip76777,card2659
135,2015-12-08 19:58:41,MX,mccredit,547046,64900,MXN,MX,Ecommerce,Chargeback,TRUE,0,2015-10-20 04:28:27,MexicoAccount,email13943,ip84050,card155533
136,2016-01-13 21:18:37,MX,mccredit,520416,93415,MXN,MX,Ecommerce,Chargeback,TRUE,0,2015-10-20 19:24:03,MexicoAccount,email84864,ip82577,card260257
137,2016-01-13 21:18:37,MX,mcdebit,525678,129900,MXN,MX,Ecommerce,Chargeback,TRUE,0,2015-10-20 21:21:46,MexicoAccount,email15321,ip75919,card103775
138,2016-01-13 21:18:37,MX,mccredit,547046,139900,MXN,MX,Ecommerce,Chargeback,TRUE,0,2015-10-21 03:55:55,MexicoAccount,email289996,ip111852,card270982
139,2016-01-13 21:18:37,MX,mccredit,547046,149900,MXN,MX,Ecommerce,Chargeback,TRUE,0,2015-10-23 03:02:52,MexicoAccount,email253448,ip112333,card4898
140,2016-01-13 21:18:37,MX,mccredit,549138,139900,MXN,MX,Ecommerce,Chargeback,TRUE,0,2015-10-23 04:27:25,MexicoAccount,email8082,ip84440,card181005
141,2016-01-13 21:18:38,MX,visaclassic,410180,99900,MXN,MX,Ecommerce,Chargeback,TRUE,0,2015-10-24 07:55:58,MexicoAccount,email331934,ip60803,card98836
142,2015-12-08 19:58:42,MX,visagold,477213,109900,MXN,MX,Ecommerce,Chargeback,TRUE,0,2015-10-24 08:51:58,MexicoAccount,email270250,ip71523,card173766
143,2016-03-03 22:44:32,MX,mccredit,544548,139900,MXN,MX,Ecommerce,Chargeback,TRUE,0,2015-10-24 16:32:51,MexicoAccount,email103772,ip64902,card38381
144,2016-01-13 21:18:38,MX,visagold,477213,109900,MXN,MX,Ecommerce,Chargeback,TRUE,0,2015-10-24 18:45:12,MexicoAccount,email60461,ip84083,card123714
145,2016-01-13 21:18:38,MX,visaclassic,494133,159900,MXN,MX,Ecommerce,Chargeback,TRUE,0,2015-10-24 21:33:48,MexicoAccount,email14465,ip66864,card78167
146,2016-03-03 21:08:10,MX,visadebit,415231,69900,MXN,MX,Ecommerce,Chargeback,TRUE,0,2015-10-25 18:10:22,MexicoAccount,email307885,ip76115,card268077
147,2016-01-13 21:18:38,MX,mccredit,528851,129900,MXN,MX,Ecommerce,Chargeback,TRUE,0,2015-10-26 04:48:57,MexicoAccount,email61935,ip79969,card231152
148,2016-01-13 21:18:38,MX,visadebit,415231,109900,MXN,MX,Ecommerce,Chargeback,TRUE,0,2015-10-26 05:01:42,MexicoAccount,email48898,ip81448,card156186
149,2016-01-13 21:18:38,MX,visagold,477213,579800,MXN,MX,Ecommerce,Chargeback,TRUE,0,2015-10-26 05:56:53,MexicoAccount,email333839,ip69072,card61615
150,2016-03-03 22:44:36,MX,visaclassic,493172,87900,MXN,MX,Ecommerce,Chargeback,TRUE,0,2015-10-27 07:53:49,MexicoAccount,email217154,ip68002,card145021
151,2016-01-13 21:18:38,MX,mccredit,549138,67915,MXN,MX,Ecommerce,Chargeback,TRUE,0,2015-10-30 06:00:20,MexicoAccount,email331934,ip60803,card238456
152,2016-01-13 21:18:38,MX,visaclassic,410180,659800,MXN,MX,Ecommerce,Chargeback,TRUE,0,2015-10-31 00:20:32,MexicoAccount,email55291,ip68076,card52726
153,2016-01-13 21:18:39,MX,visaclassic,410180,489700,MXN,MX,Ecommerce,Chargeback,TRUE,0,2015-10-31 02:15:25,MexicoAccount,email55291,ip68076,card52726
154,2016-01-13 21:18:39,MX,visaclassic,477291,79900,MXN,MX,Ecommerce,Chargeback,TRUE,0,2015-10-31 03:19:57,MexicoAccount,email74278,ip113853,card171609
155,2016-03-03 22:44:33,MX,visaclassic,493172,149900,MXN,MX,Ecommerce,Chargeback,TRUE,0,2015-10-31 04:21:55,MexicoAccount,email164253,ip61257,card216742
45081,2015-11-09 15:24:01,AU,mccredit,552033,36000,AUD,AU,Ecommerce,Chargeback,TRUE,0,2015-07-01 14:13:21,APACAccount,email34521,ip2950,card267106
45082,2015-11-09 15:24:54,AU,mccredit,550201,15000,AUD,AU,Ecommerce,Chargeback,TRUE,0,2015-07-03 08:57:18,APACAccount,email199771,ip116906,card142412
45083,2015-11-09 15:24:46,AU,mccredit,552033,23100,AUD,AU,Ecommerce,Chargeback,TRUE,0,2015-07-04 03:41:15,APACAccount,email201150,ip28147,card208560
45084,2015-11-09 15:22:34,AU,mccredit,522980,52000,AUD,AU,Ecommerce,Chargeback,TRUE,0,2015-07-06 02:08:36,APACAccount,email93587,ip158996,card115256
45085,2015-11-09 15:24:52,AU,mccredit,516310,15350,AUD,AU,Ecommerce,Chargeback,TRUE,0,2015-07-10 09:41:21,APACAccount,email335877,ip53862,card110886
45086,2015-11-09 15:24:43,AU,mccredit,552350,25700,AUD,AU,Ecommerce,Chargeback,TRUE,0,2015-07-10 14:00:32,APACAccount,email79632,ip3802,card138883
45087,2015-11-09 15:24:43,AU,mccredit,521729,26000,AUD,AU,Ecommerce,Chargeback,TRUE,0,2015-07-12 17:27:00,APACAccount,email143990,ip114436,card192078
45088,2015-11-09 15:22:35,AU,visasignature,414726,50000,AUD,AU,Ecommerce,Chargeback,TRUE,0,2015-07-12 20:59:23,APACAccount,email91463,ip23140,card108925
45089,2015-11-09 15:24:57,AU,mccredit,516361,11850,AUD,AU,Ecommerce,Chargeback,TRUE,0,2015-07-13 08:55:38,APACAccount,email331335,ip38807,card29834
45090,2015-11-09 15:24:53,AU,visadebit,401795,15300,AUD,AU,Ecommerce,Chargeback,TRUE,0,2015-07-13 16:40:27,APACAccount,email312815,ip24698,card258507
45091,2015-11-09 15:24:42,AU,visaclassic,494052,26000,AUD,AU,Ecommerce,Chargeback,TRUE,0,2015-07-15 18:10:56,APACAccount,email111048,ip6117,card151236
45092,2015-11-09 15:22:32,AU,visaplatinum,455701,59000,AUD,AU,Ecommerce,Chargeback,TRUE,0,2015-07-16 02:44:37,APACAccount,email338986,ip20318,card82080
45093,2015-11-09 15:24:49,AU,visabusiness,429318,18000,AUD,AU,Ecommerce,Chargeback,TRUE,0,2015-07-21 19:57:02,APACAccount,email223841,ip160005,card58916
45094,2015-08-28 15:23:14,AU,visasignature,414726,36000,AUD,AU,Ecommerce,Chargeback,TRUE,0,2015-07-21 20:18:23,APACAccount,email240011,ip32073,card126896
45095,2015-11-09 15:24:04,AU,mccredit,552033,33000,AUD,AU,Ecommerce,Chargeback,TRUE,0,2015-07-22 06:49:02,APACAccount,email208861,ip29560,card11959
45096,2015-11-09 15:24:48,AU,mccredit,552033,18500,AUD,AU,Ecommerce,Chargeback,TRUE,0,2015-07-22 15:51:09,APACAccount,email208861,ip29560,card11959
45097,2015-11-09 15:24:57,AU,mccredit,552033,12750,AUD,AU,Ecommerce,Chargeback,TRUE,0,2015-07-23 04:17:45,APACAccount,email208861,ip29560,card11959
45098,2015-11-09 15:24:04,AU,mccredit,552350,33000,AUD,AU,Ecommerce,Chargeback,TRUE,0,2015-07-24 01:36:50,APACAccount,email259430,ip130088,card46849
45099,2015-11-09 15:22:45,AU,mccredit,532655,3850,AUD,AU,Ecommerce,Chargeback,TRUE,0,2015-07-25 09:27:21,APACAccount,email306502,ip24135,card18584
45100,2015-11-09 15:22:28,AU,visabusiness,455704,82300,AUD,AU,Ecommerce,Chargeback,TRUE,0,2015-07-28 04:16:49,APACAccount,email227822,ip17642,card237632
45101,2015-11-09 15:24:46,AU,visaclassic,494052,23000,AUD,AU,Ecommerce,Chargeback,TRUE,0,2015-07-28 19:06:53,APACAccount,email293014,ip145442,card93938
45102,2015-08-28 15:23:15,AU,visasignature,414726,26000,AUD,AU,Ecommerce,Chargeback,TRUE,0,2015-07-28 22:20:06,APACAccount,email36571,ip25981,card9205
45103,2015-08-28 15:23:15,AU,visagold,494053,36000,AUD,AU,Ecommerce,Chargeback,TRUE,0,2015-07-29 01:39:03,APACAccount,email118325,ip131461,card161666
45104,2015-11-09 15:22:39,AU,mccredit,552033,45300,AUD,AU,Ecommerce,Chargeback,TRUE,0,2015-08-01 14:28:16,APACAccount,email254888,ip4,card200829
45105,2015-11-09 15:24:50,AU,mccredit,535316,17000,AUD,AU,Ecommerce,Chargeback,TRUE,0,2015-08-02 19:15:56,APACAccount,email232674,ip23988,card82287
45106,2015-11-09 15:24:54,AU,visaclassic,456450,14850,AUD,AU,Ecommerce,Chargeback,TRUE,0,2015-08-04 12:42:26,APACAccount,email336233,ip157438,card16444
45107,2015-12-11 15:22:15,AU,visaclassic,456471,29800,AUD,AU,Ecommerce,Chargeback,TRUE,0,2015-08-05 05:58:31,APACAccount,email41603,ip146508,card25081
45108,2015-11-09 15:24:51,AU,visaplatinum,455701,16000,AUD,AU,Ecommerce,Chargeback,TRUE,0,2015-08-08 01:31:02,APACAccount,email191102,ip611,card134068
45109,2015-11-09 15:24:48,AU,mccredit,521729,20000,AUD,AU,Ecommerce,Chargeback,TRUE,0,2015-08-08 06:16:23,APACAccount,email237726,ip146581,card43348
45110,2015-11-09 15:22:43,AU,visaclassic,494052,41000,AUD,AU,Ecommerce,Chargeback,TRUE,0,2015-08-08 15:38:49,APACAccount,email118183,ip132796,card216538
45111,2015-11-09 15:24:51,BR,visa,406669,16000,AUD,BR,Ecommerce,Chargeback,TRUE,0,2015-08-09 02:48:24,APACAccount,email105510,ip114283,card147190
45112,2015-11-09 15:22:38,AU,mccredit,552033,47500,AUD,AU,Ecommerce,Chargeback,TRUE,0,2015-08-10 09:18:13,APACAccount,email307610,ip137,card153046
45113,2015-11-09 15:22:44,AU,mccredit,552033,40000,AUD,AU,Ecommerce,Chargeback,TRUE,0,2015-08-10 16:36:26,APACAccount,email336981,ip22420,card154667
45114,2015-11-09 15:24:02,AU,mccredit,531355,34000,AUD,AU,Ecommerce,Chargeback,TRUE,0,2015-08-11 02:27:27,APACAccount,email330564,ip158889,card255587
45115,2015-11-09 15:24:55,AU,mccredit,544434,13850,AUD,AU,Ecommerce,Chargeback,TRUE,0,2015-08-11 08:14:55,APACAccount,email20370,ip33928,card223178
45116,2015-11-09 15:24:08,AU,mccredit,535316,29500,AUD,AU,Ecommerce,Chargeback,TRUE,0,2015-08-12 09:08:25,APACAccount,email67328,ip55261,card211875
45117,2015-11-09 15:24:47,AU,mccredit,535316,20000,AUD,AU,Ecommerce,Chargeback,TRUE,0,2015-08-13 07:32:54,APACAccount,email222264,ip132795,card115823
45118,2015-11-09 15:22:35,AU,visapurchasing,471514,51000,AUD,AU,Ecommerce,Chargeback,TRUE,0,2015-08-16 13:32:46,APACAccount,email35874,ip118330,card23723
45119,2015-11-09 15:22:33,AU,mccredit,535316,54000,AUD,AU,Ecommerce,Chargeback,TRUE,0,2015-08-17 02:18:33,APACAccount,email304043,ip55223,card89312
45120,2015-11-09 15:22:27,AU,mccredit,535318,8850,AUD,AU,Ecommerce,Chargeback,TRUE,0,2015-08-17 13:13:57,APACAccount,email155040,ip343,card184954
45121,2015-11-09 15:24:58,AU,visaplatinum,456469,10850,AUD,AU,Ecommerce,Chargeback,TRUE,0,2015-08-17 18:38:59,APACAccount,email37997,ip37667,card262831
45122,2015-11-09 15:24:02,AU,mccredit,552350,34500,AUD,AU,Ecommerce,Chargeback,TRUE,0,2015-08-18 20:52:34,APACAccount,email37691,ip1044,card5857
45123,2015-11-09 15:22:34,AU,visa,456409,52000,AUD,AU,Ecommerce,Chargeback,TRUE,0,2015-08-20 04:11:56,APACAccount,email337784,ip55220,card11068
45124,2015-11-09 15:22:33,AU,visagold,407220,54000,AUD,AU,Ecommerce,Chargeback,TRUE,0,2015-08-20 11:40:44,APACAccount,email252687,ip55107,card30168
45125,2015-11-09 15:22:28,AU,visaplatinum,456468,83000,AUD,AU,Ecommerce,Chargeback,TRUE,0,2015-08-21 03:02:21,APACAccount,email184888,ip1696,card11015
45126,2015-11-09 15:24:51,AU,mccredit,528013,16000,AUD,AU,Ecommerce,Chargeback,TRUE,0,2015-08-23 12:03:22,APACAccount,email313035,ip24390,card150456
45127,2015-11-09 15:22:30,AU,mccredit,535316,72000,AUD,AU,Ecommerce,Chargeback,TRUE,0,2015-08-24 02:54:08,APACAccount,email90767,ip55235,card166933
45128,2015-11-09 15:24:54,AU,mccredit,519244,15000,AUD,AU,Ecommerce,Chargeback,TRUE,0,2015-08-24 07:13:40,APACAccount,email161296,ip37566,card44926
45129,2015-11-09 15:22:40,AU,mccredit,552033,44000,AUD,AU,Ecommerce,Chargeback,TRUE,0,2015-08-24 20:54:06,APACAccount,email270653,ip1646,card270126
45130,2015-11-09 15:22:29,AU,visaplatinum,456468,74000,AUD,AU,Ecommerce,Chargeback,TRUE,0,2015-08-25 05:46:04,APACAccount,email115857,ip117612,card9002
45131,2015-12-11 15:22:15,AU,visaplatinum,456472,12850,AUD,AU,Ecommerce,Chargeback,TRUE,0,2015-08-25 13:11:31,APACAccount,email317030,ip146795,card235791
45132,2016-01-13 16:17:31,AU,mccredit,535316,37500,AUD,AU,Ecommerce,Chargeback,TRUE,0,2015-08-25 15:16:58,APACAccount,email103112,ip32792,card14697
45133,2015-11-09 15:22:32,AU,mccredit,535316,56200,AUD,AU,Ecommerce,Chargeback,TRUE,0,2015-08-26 18:33:19,APACAccount,email236460,ip145321,card227593
45134,2015-12-11 15:22:15,AU,visaplatinum,456472,52000,AUD,AU,Ecommerce,Chargeback,TRUE,0,2015-08-27 07:28:21,APACAccount,email30033,ip5862,card6643
45135,2015-11-09 15:22:41,AU,visaclassic,494052,43500,AUD,AU,Ecommerce,Chargeback,TRUE,0,2015-09-01 13:26:49,APACAccount,email280024,ip55255,card140495
45136,2015-12-11 15:22:01,AU,visaclassic,456471,26000,AUD,AU,Ecommerce,Chargeback,TRUE,0,2015-09-02 04:42:17,APACAccount,email135597,ip116791,card136954
45137,2015-11-09 15:22:44,AU,visaplatinum,472437,40000,AUD,AU,Ecommerce,Chargeback,TRUE,0,2015-09-03 08:12:40,APACAccount,email276279,ip3537,card25741
45138,2015-11-09 15:22:42,AU,mccredit,537196,42000,AUD,AU,Ecommerce,Chargeback,TRUE,0,2015-09-04 11:08:43,APACAccount,email150855,ip131307,card136924
45139,2015-11-09 15:22:26,AU,mccredit,535316,9850,AUD,AU,Ecommerce,Chargeback,TRUE,0,2015-09-08 09:33:21,APACAccount,email83853,ip63081,card214990
45140,2015-11-09 15:24:58,AU,mccredit,535316,10850,AUD,AU,Ecommerce,Chargeback,TRUE,0,2015-09-08 10:11:05,APACAccount,email83853,ip63081,card214990
45141,2015-11-09 15:24:07,AU,mccredit,535316,29600,AUD,AU,Ecommerce,Chargeback,TRUE,0,2015-09-09 10:32:28,APACAccount,email102930,ip55241,card182921
45142,2015-11-09 15:24:05,AU,mccredit,535316,31000,AUD,AU,Ecommerce,Chargeback,TRUE,0,2015-09-09 10:44:37,APACAccount,email102930,ip55247,card182921
45143,2015-11-09 15:22:31,AU,visaclassic,442645,65000,AUD,AU,Ecommerce,Chargeback,TRUE,0,2015-09-09 10:52:07,APACAccount,email319626,ip55213,card91288
45144,2015-12-11 15:22:01,AU,visabusiness,455704,65200,AUD,AU,Ecommerce,Chargeback,TRUE,0,2015-09-09 20:29:40,APACAccount,email217441,ip811,card182585
45145,2015-11-09 15:24:46,AU,visa,414726,22500,AUD,AU,Ecommerce,Chargeback,TRUE,0,2015-09-11 08:22:23,APACAccount,email47947,ip42320,card85518
45146,2015-12-11 15:22:02,AU,visadebit,423953,43500,AUD,AU,Ecommerce,Chargeback,TRUE,0,2015-09-11 18:13:26,APACAccount,email345447,ip25397,card93343
45147,2015-11-09 15:22:46,AU,visasignature,460184,37500,AUD,AU,Ecommerce,Chargeback,TRUE,0,2015-09-12 22:57:32,APACAccount,email238323,ip1460,card226920
45148,2015-12-11 15:22:02,AU,mccredit,555005,20000,AUD,AU,Ecommerce,Chargeback,TRUE,0,2015-09-14 06:56:34,APACAccount,email269378,ip23806,card129259
45149,2015-12-11 15:22:02,AU,mccredit,552033,63000,AUD,AU,Ecommerce,Chargeback,TRUE,0,2015-09-15 10:03:56,APACAccount,email343425,ip116491,card21836
45150,2015-11-09 15:24:08,AU,mccredit,544434,28000,AUD,AU,Ecommerce,Chargeback,TRUE,0,2015-09-21 07:45:32,APACAccount,email81544,ip23927,card196262
45151,2015-12-11 15:22:08,AU,mccredit,532655,26000,AUD,AU,Ecommerce,Chargeback,TRUE,0,2015-09-22 13:42:03,APACAccount,email45244,ip116825,card76246
45152,2015-11-09 15:24:48,AU,visasignature,414726,20000,AUD,AU,Ecommerce,Chargeback,TRUE,0,2015-09-22 15:27:58,APACAccount,email270718,ip159441,card99594
45153,2015-12-11 15:22:08,AU,visaplatinum,456468,33000,AUD,AU,Ecommerce,Chargeback,TRUE,0,2015-09-23 11:55:29,APACAccount,email304924,ip116519,card154411
45154,2015-12-11 15:22:08,AU,mcdebit,516366,43500,AUD,AU,Ecommerce,Chargeback,TRUE,0,2015-09-24 00:30:49,APACAccount,email181374,ip142874,card116260
45155,2015-12-11 15:22:09,AU,mccredit,512127,56000,AUD,AU,Ecommerce,Chargeback,TRUE,0,2015-09-26 04:39:08,APACAccount,email178034,ip5993,card144150
45156,2015-11-09 15:22:38,AU,mccredit,535318,47300,AUD,AU,Ecommerce,Chargeback,TRUE,0,2015-09-26 12:37:36,APACAccount,email252798,ip24465,card83438
45157,2015-11-09 15:22:29,AU,visagold,407220,7850,AUD,AU,Ecommerce,Chargeback,TRUE,0,2015-09-27 15:09:18,APACAccount,email40075,ip55227,card246449
45158,2016-01-13 16:17:30,AU,mccredit,516323,27000,AUD,AU,Ecommerce,Chargeback,TRUE,0,2015-09-27 17:17:32,APACAccount,email254259,ip55060,card83671
45159,2015-12-11 15:22:09,AU,mccredit,555005,32600,AUD,AU,Ecommerce,Chargeback,TRUE,0,2015-09-27 17:40:37,APACAccount,email46489,ip1013,card241265
45160,2015-12-11 15:22:10,NZ,visaclassic,499977,12850,NZD,NZ,Ecommerce,Chargeback,TRUE,0,2015-09-29 04:39:11,APACAccount,email254957,ip21873,card96470
45161,2015-12-11 15:22:10,AU,mccredit,555005,21000,AUD,AU,Ecommerce,Chargeback,TRUE,0,2015-09-29 04:43:30,APACAccount,email46489,ip145567,card241265
45162,2015-12-11 15:22:11,AU,visaplatinum,472437,16000,AUD,AU,Ecommerce,Chargeback,TRUE,0,2015-09-29 05:49:10,APACAccount,email187950,ip55245,card197311
45163,2015-12-11 15:22:10,AU,visaplatinum,456468,32500,AUD,AU,Ecommerce,Chargeback,TRUE,0,2015-09-29 14:08:51,APACAccount,email336214,ip116907,card96192
45164,2015-12-11 15:22:10,AU,mccredit,552033,49000,AUD,AU,Ecommerce,Chargeback,TRUE,0,2015-09-29 19:34:03,APACAccount,email47986,ip116142,card21056
45165,2015-12-11 15:22:11,AU,visabusiness,456480,54000,AUD,AU,Ecommerce,Chargeback,TRUE,0,2015-09-29 21:13:22,APACAccount,email68683,ip114901,card214574
45167,2015-11-09 15:24:09,AU,visaclassic,450949,26000,AUD,AU,Ecommerce,Chargeback,TRUE,0,2015-09-30 08:36:19,APACAccount,email87298,ip33605,card185533
45168,2015-12-11 15:22:11,AU,visaplatinum,472437,18000,AUD,AU,Ecommerce,Chargeback,TRUE,0,2015-09-30 11:30:59,APACAccount,email116623,ip55244,card100574
45169,2015-12-11 15:22:12,AU,mccredit,544637,26000,AUD,AU,Ecommerce,Chargeback,TRUE,0,2015-09-30 15:03:48,APACAccount,email239930,ip6273,card102534
45170,2015-12-11 15:21:59,AU,mccredit,544637,36000,AUD,AU,Ecommerce,Chargeback,TRUE,0,2015-10-01 05:06:24,APACAccount,email239930,ip6269,card102534
45171,2015-12-11 15:22:00,AU,mccredit,535316,54000,AUD,AU,Ecommerce,Chargeback,TRUE,0,2015-10-02 21:32:35,APACAccount,email203894,ip130426,card37195
45172,2015-11-09 15:24:44,NZ,visadebit,483741,25200,NZD,NZ,Ecommerce,Chargeback,TRUE,0,2015-10-03 08:21:44,APACAccount,email2734,ip145180,card7918
45173,2015-11-09 15:24:44,NZ,visadebit,483741,25200,NZD,NZ,Ecommerce,Chargeback,TRUE,0,2015-10-03 08:26:33,APACAccount,email2734,ip145180,card7918
45174,2015-11-09 15:22:42,NZ,visadebit,483741,42000,NZD,NZ,Ecommerce,Chargeback,TRUE,0,2015-10-05 01:39:39,APACAccount,email2734,ip29971,card7918
45175,2015-11-09 15:22:43,NZ,visadebit,483741,42000,NZD,NZ,Ecommerce,Chargeback,TRUE,0,2015-10-05 01:44:34,APACAccount,email2734,ip29971,card7918
45176,2015-11-09 15:24:44,NZ,visadebit,483741,25200,NZD,NZ,Ecommerce,Chargeback,TRUE,0,2015-10-05 01:51:52,APACAccount,email2734,ip29971,card7918
45177,2015-12-11 15:22:01,AU,mccredit,512127,24000,AUD,AU,Ecommerce,Chargeback,TRUE,0,2015-10-05 04:57:27,APACAccount,email89685,ip291860,card206418
45178,2015-12-11 15:22:00,AU,mccredit,512127,39500,AUD,AU,Ecommerce,Chargeback,TRUE,0,2015-10-05 05:20:27,APACAccount,email89686,ip291860,card206418
45179,2015-12-11 15:22:00,AU,visaplatinum,456468,59000,AUD,AU,Ecommerce,Chargeback,TRUE,0,2015-10-05 15:29:29,APACAccount,email147096,ip116518,card2654
45180,2015-12-11 15:22:04,AU,mccredit,535316,49000,AUD,AU,Ecommerce,Chargeback,TRUE,0,2015-10-06 16:45:26,APACAccount,email337461,ip157278,card222474
45181,2015-12-11 15:22:04,BR,visagold,403254,8500,NZD,BR,Ecommerce,Chargeback,TRUE,0,2015-10-07 06:38:33,APACAccount,email226220,ip64365,card114194
45183,2015-12-11 15:22:05,AU,visaclassic,456471,90000,AUD,AU,Ecommerce,Chargeback,TRUE,0,2015-10-10 05:23:33,APACAccount,email50433,ip116491,card243246
45184,2015-12-11 15:22:05,AU,mccredit,522980,30000,AUD,AU,Ecommerce,Chargeback,TRUE,0,2015-10-11 16:16:21,APACAccount,email279142,ip27665,card206860
45185,2015-12-11 15:22:06,AU,mccredit,535316,37000,AUD,AU,Ecommerce,Chargeback,TRUE,0,2015-10-12 06:16:00,APACAccount,email29499,ip55258,card269472
45186,2015-12-11 15:22:07,AU,mccredit,522980,49000,AUD,AU,Ecommerce,Chargeback,TRUE,0,2015-10-12 12:18:35,APACAccount,email146619,ip24799,card10830
45187,2015-12-11 15:22:06,AU,visadebit,423954,22000,AUD,AU,Ecommerce,Chargeback,TRUE,0,2015-10-12 18:34:53,APACAccount,email337835,ip208,card234413
45188,2015-12-11 15:22:06,AU,mccredit,535316,11850,AUD,AU,Ecommerce,Chargeback,TRUE,0,2015-10-12 19:16:16,APACAccount,email91015,ip23351,card94717
45189,2015-12-11 15:22:07,AU,mccredit,558320,49500,AUD,AU,Ecommerce,Chargeback,TRUE,0,2015-10-14 15:58:12,APACAccount,email231838,ip116158,card46386
45190,2015-12-11 15:22:12,AU,mccredit,535316,52000,AUD,AU,Ecommerce,Chargeback,TRUE,0,2015-10-16 11:07:15,APACAccount,email327106,ip132796,card264780
45191,2015-12-11 15:22:12,AU,visaplatinum,463797,38500,AUD,AU,Ecommerce,Chargeback,TRUE,0,2015-10-19 20:01:41,APACAccount,email309163,ip6758,card249332
45192,2015-12-11 15:22:12,AU,visapurchasing,471514,8850,AUD,AU,Ecommerce,Chargeback,TRUE,0,2015-10-20 15:51:28,APACAccount,email236905,ip476,card176079
45193,2015-12-11 15:22:13,AU,mccredit,552033,46500,AUD,AU,Ecommerce,Chargeback,TRUE,0,2015-10-21 16:17:45,APACAccount,email42399,ip5976,card247446
45194,2016-02-01 10:32:04,AU,mccredit,535316,20000,AUD,AU,Ecommerce,Chargeback,TRUE,0,2015-10-22 05:02:53,APACAccount,email250746,ip132280,card81247
45195,2016-02-29 10:09:36,AU,mccredit,552638,48000,AUD,AU,Ecommerce,Chargeback,TRUE,0,2015-10-22 20:55:36,APACAccount,email44122,ip23880,card98553
45196,2016-02-01 10:32:05,AU,mccredit,516321,14850,AUD,AU,Ecommerce,Chargeback,TRUE,0,2015-10-25 07:44:54,APACAccount,email91015,ip23327,card106242
45197,2016-02-01 10:32:06,AU,mccredit,516321,7850,AUD,AU,Ecommerce,Chargeback,TRUE,0,2015-10-25 08:11:11,APACAccount,email91015,ip23327,card106242
45198,2015-12-11 15:22:13,AU,mccredit,546827,16000,AUD,AU,Ecommerce,Chargeback,TRUE,0,2015-10-26 13:46:00,APACAccount,email39165,ip1092,card73227
45199,2016-01-13 16:17:31,AU,visaclassic,494052,62500,AUD,AU,Ecommerce,Chargeback,TRUE,0,2015-10-27 11:53:09,APACAccount,email235669,ip145998,card214086
45200,2016-02-01 10:32:07,ID,mccredit,514934,25000,AUD,ID,Ecommerce,Chargeback,TRUE,0,2015-10-27 13:07:24,APACAccount,email22044,ip23078,card245586
45201,2015-12-11 15:22:14,AU,visaclassic,407264,12350,AUD,AU,Ecommerce,Chargeback,TRUE,0,2015-10-27 19:44:52,APACAccount,email191462,ip794,card86883
45202,2015-12-11 15:22:13,AU,mccredit,552033,12850,AUD,AU,Ecommerce,Chargeback,TRUE,0,2015-10-27 21:09:37,APACAccount,email344499,ip1205,card36821
45203,2015-12-11 15:22:14,AU,mccredit,535316,45000,AUD,AU,Ecommerce,Chargeback,TRUE,0,2015-10-28 08:10:33,APACAccount,email305868,ip55246,card218853
45204,2015-12-11 15:22:14,AU,mccredit,552350,35000,AUD,AU,Ecommerce,Chargeback,TRUE,0,2015-10-30 15:24:47,APACAccount,email279701,ip31332,card113560
45205,2015-12-11 15:22:15,AU,mccredit,544637,25000,AUD,AU,Ecommerce,Chargeback,TRUE,0,2015-10-30 19:51:43,APACAccount,email305412,ip24083,card102225
45206,2015-12-11 15:22:14,AU,mccredit,552033,48000,AUD,AU,Ecommerce,Chargeback,TRUE,0,2015-10-30 22:08:37,APACAccount,email341522,ip115960,card200737
100618,2015-07-30 10:19:22,GB,visadebit,476358,7095,GBP,GB,Ecommerce,Chargeback,TRUE,1,2015-07-04 15:56:34,UKAccount,email132088,ip269934,card165881
107082,2015-07-27 13:46:05,GB,mccredit,542011,15240,GBP,GB,Ecommerce,Chargeback,TRUE,1,2015-07-10 16:56:41,UKAccount,email215549,ip253292,card229967
112910,2015-08-14 05:45:48,GB,visadebit,476230,5150,GBP,GB,ContAuth,Chargeback,FALSE,0,2015-07-13 20:29:34,UKAccount,email203963,ip207118,card253842
124868,2015-12-24 05:43:03,GB,visadebit,446291,7500,GBP,GB,ContAuth,Chargeback,FALSE,0,2015-07-27 17:28:57,UKAccount,email257146,ip349441,card108918
127404,2015-08-21 05:42:33,GB,visadebit,476225,9395,GBP,GB,Ecommerce,Chargeback,TRUE,1,2015-07-31 03:47:02,UKAccount,email119565,ip316557,card78119
132877,2015-10-15 11:34:34,GB,visadebit,475130,13400,GBP,GB,ContAuth,Chargeback,FALSE,0,2015-08-06 09:45:48,UKAccount,email210351,ip148854,card241682
132893,2015-10-15 11:34:34,GB,visadebit,475130,5300,GBP,GB,ContAuth,Chargeback,FALSE,0,2015-08-06 10:18:45,UKAccount,email210351,ip148854,card241682
132896,2015-10-15 11:34:34,GB,visadebit,475130,4000,GBP,GB,ContAuth,Chargeback,FALSE,0,2015-08-06 10:21:33,UKAccount,email210351,ip148854,card241682
137548,2015-10-15 11:34:34,GB,visadebit,484431,4325,GBP,GB,Ecommerce,Chargeback,TRUE,1,2015-08-11 19:34:03,UKAccount,email193167,ip337144,card91862
152850,2015-10-23 06:45:46,US,mccredit,528725,5500,GBP,GB,ContAuth,Chargeback,FALSE,0,2015-08-28 17:46:17,UKAccount,email325211,ip172354,card10824
156445,2015-12-02 09:53:03,MY,mccredit,552115,11050,GBP,MY,Ecommerce,Chargeback,TRUE,1,2015-09-01 18:55:34,UKAccount,email145778,ip25947,card194032
160051,2015-10-23 05:42:22,GB,visaplatinum,492910,7195,GBP,GB,Ecommerce,Chargeback,TRUE,1,2015-09-06 15:51:22,UKAccount,email58132,ip213230,card187531
169479,2015-11-17 05:50:47,GB,visaclassic,412983,7500,GBP,GB,ContAuth,Chargeback,FALSE,0,2015-09-20 20:51:40,UKAccount,email80780,ip123769,card214602
169770,2015-11-17 05:50:47,GB,visaclassic,412983,6500,GBP,GB,ContAuth,Chargeback,FALSE,0,2015-09-21 09:47:11,UKAccount,email80780,ip123657,card214602
172591,2016-02-11 05:31:56,TH,visadebit,494312,34000,GBP,TH,ContAuth,Chargeback,FALSE,0,2015-09-24 13:54:37,UKAccount,email264534,ip147623,card205541
174550,2016-03-02 05:38:31,GB,visaclassic,492943,10295,GBP,GB,Ecommerce,Chargeback,TRUE,1,2015-09-27 23:11:21,UKAccount,email149031,ip334114,card257992
195198,2015-12-16 12:54:37,GB,mccredit,528683,9395,GBP,GB,ContAuth,Chargeback,FALSE,0,2015-10-21 21:03:03,UKAccount,email93127,ip123749,card158982
195400,2015-12-16 12:54:37,GB,mccredit,528683,13000,GBP,GB,ContAuth,Chargeback,FALSE,0,2015-10-22 09:01:32,UKAccount,email93127,ip123778,card158982
195487,2015-12-11 08:30:52,GB,mccredit,528683,12500,GBP,GB,ContAuth,Chargeback,FALSE,0,2015-10-22 14:15:41,UKAccount,email93127,ip123778,card158982
195698,2015-12-11 08:30:52,GB,mccredit,528683,11000,GBP,GB,ContAuth,Chargeback,FALSE,0,2015-10-23 00:20:57,UKAccount,email93127,ip123778,card158982
195795,2015-12-24 05:43:03,GB,visadebit,476367,6895,GBP,GB,ContAuth,Chargeback,FALSE,0,2015-10-23 11:49:52,UKAccount,email49477,ip140051,card132046
195798,2015-12-16 12:54:38,GB,mccredit,528683,5595,GBP,GB,ContAuth,Chargeback,FALSE,0,2015-10-23 11:55:23,UKAccount,email93127,ip123778,card158982
195807,2015-12-24 05:43:03,GB,visadebit,476367,14700,GBP,GB,ContAuth,Chargeback,FALSE,0,2015-10-23 12:17:40,UKAccount,email49477,ip140051,card132046
195812,2015-12-03 05:36:03,GB,visaplatinum,492910,11050,GBP,GB,Ecommerce,Chargeback,TRUE,1,2015-10-23 12:21:24,UKAccount,email166133,ip129934,card188827
195889,2015-11-10 14:41:13,GB,mccredit,542011,23200,GBP,BG,Ecommerce,Chargeback,TRUE,1,2015-10-23 15:22:37,UKAccount,email230289,ip339787,card67262
196019,2015-12-11 10:24:58,GB,mcdebit,557351,27400,GBP,GB,Ecommerce,Chargeback,TRUE,1,2015-10-23 19:55:15,UKAccount,email338214,ip49770,card237846
196321,2016-01-01 05:40:58,GB,visadebit,456735,3195,GBP,GB,Ecommerce,Chargeback,TRUE,1,2015-10-24 13:40:54,UKAccount,email146375,ip250758,card145461
197598,2016-03-05 05:35:41,JO,visaclassic,474701,6420,GBP,GB,Ecommerce,Chargeback,TRUE,1,2015-10-26 18:11:44,UKAccount,email343093,ip227405,card152658
198658,2016-01-12 05:52:38,GB,visadebit,476367,12700,GBP,GB,ContAuth,Chargeback,FALSE,0,2015-10-28 11:58:22,UKAccount,email288894,ip7113,card38698
198680,2016-01-12 05:52:39,GB,visadebit,476367,22700,GBP,GB,ContAuth,Chargeback,FALSE,0,2015-10-28 12:40:49,UKAccount,email288894,ip7113,card38698
198695,2016-01-12 05:52:38,GB,visadebit,476367,26400,GBP,GB,ContAuth,Chargeback,FALSE,0,2015-10-28 13:04:00,UKAccount,email288894,ip7113,card38698
198715,2016-01-12 05:52:39,GB,visadebit,476367,6395,GBP,GB,ContAuth,Chargeback,FALSE,0,2015-10-28 13:46:20,UKAccount,email288894,ip7113,card38698
198734,2015-12-24 05:47:07,GB,visadebit,476367,24000,GBP,GB,ContAuth,Chargeback,FALSE,0,2015-10-28 14:34:58,UKAccount,email90164,ip7113,card132993
198745,2015-12-24 05:47:07,GB,visadebit,476367,11500,GBP,GB,ContAuth,Chargeback,FALSE,0,2015-10-28 14:52:55,UKAccount,email90164,ip7113,card132993
199984,2016-01-23 05:44:51,GB,visadebit,476367,28500,GBP,GB,ContAuth,Chargeback,FALSE,0,2015-10-30 13:12:58,UKAccount,email111032,ip140169,card111718
201259,2015-11-19 13:48:37,GB,mccredit,543460,5350,GBP,NG,ContAuth,Chargeback,FALSE,0,2015-10-31 20:04:13,UKAccount,email326146,ip142729,card121188
450561,2015-07-23 10:52:24,NL,mccredit,522078,24900,SEK,DE,Ecommerce,Chargeback,TRUE,1,2015-07-06 02:51:21,SwedenAccount,email331518,ip62555,card228065
450586,2015-08-25 13:47:16,SE,mccredit,522767,415000,SEK,SE,Ecommerce,Chargeback,TRUE,1,2015-07-07 12:13:27,SwedenAccount,email142172,ip226855,card96104
450632,2015-07-21 05:53:58,GB,visadebit,475714,32900,SEK,SE,Ecommerce,Chargeback,TRUE,1,2015-07-09 02:32:43,SwedenAccount,email235494,ip200377,card6516
450745,2015-08-05 06:36:49,SE,mccredit,520991,393000,SEK,SE,Ecommerce,Chargeback,TRUE,1,2015-07-11 13:50:03,SwedenAccount,email314567,ip227986,card51
450973,2015-09-23 06:43:59,SE,mccredit,554477,729500,SEK,SE,Ecommerce,Chargeback,TRUE,1,2015-07-20 05:24:45,SwedenAccount,email21997,ip173344,card57772
451034,2015-08-11 09:56:22,SE,mcdebit,554501,769500,SEK,SE,Ecommerce,Chargeback,TRUE,1,2015-07-22 11:18:25,SwedenAccount,email320578,ip200504,card253416
451335,2015-11-04 05:30:05,SE,visaclassic,411824,299000,SEK,SE,Ecommerce,Chargeback,TRUE,1,2015-08-02 16:54:44,SwedenAccount,email288927,ip199909,card157361
451811,2015-10-03 05:42:02,SE,visadebit,453903,110000,SEK,SE,Ecommerce,Chargeback,TRUE,1,2015-08-22 17:17:04,SwedenAccount,email103619,ip199662,card135254
451943,2015-11-03 06:00:50,SE,mcdebit,554501,118500,SEK,SE,Ecommerce,Chargeback,TRUE,1,2015-08-27 05:52:01,SwedenAccount,email85899,ip227678,card68415
451944,2015-11-03 06:00:50,SE,mcdebit,554501,118500,SEK,SE,Ecommerce,Chargeback,TRUE,1,2015-08-27 05:57:01,SwedenAccount,email85899,ip227678,card68415
451945,2015-11-03 06:00:50,SE,mcdebit,554501,268500,SEK,SE,Ecommerce,Chargeback,TRUE,1,2015-08-27 06:30:00,SwedenAccount,email85899,ip227678,card68415
451966,2015-09-22 06:01:48,SE,visadebit,453903,180000,SEK,SE,Ecommerce,Chargeback,TRUE,1,2015-08-27 22:21:10,SwedenAccount,email18312,ip71717,card146515
451970,2015-09-22 06:01:48,SE,visadebit,453903,310000,SEK,SE,Ecommerce,Chargeback,TRUE,1,2015-08-28 00:38:56,SwedenAccount,email40112,ip71719,card146515
451982,2015-11-28 07:17:16,SE,mcdebit,554501,380000,SEK,SE,Ecommerce,Chargeback,TRUE,1,2015-08-28 20:32:40,SwedenAccount,email295379,ip199899,card60639
451983,2015-10-15 11:33:59,SE,visadebit,453903,380000,SEK,SE,Ecommerce,Chargeback,TRUE,1,2015-08-29 00:06:32,SwedenAccount,email183981,ip135804,card187951
452264,2015-10-14 07:05:32,SE,mcdebit,554501,320000,SEK,SE,Ecommerce,Chargeback,TRUE,1,2015-09-08 18:27:36,SwedenAccount,email264333,ip174650,card138760
452302,2015-10-01 10:35:58,SE,visadebit,455262,94900,SEK,SE,Ecommerce,Chargeback,TRUE,1,2015-09-10 01:05:56,SwedenAccount,email328749,ip229679,card121495
452303,2015-10-01 10:35:58,SE,visadebit,455262,49900,SEK,SE,Ecommerce,Chargeback,TRUE,1,2015-09-10 01:34:25,SwedenAccount,email328215,ip229679,card121495
452304,2015-09-25 17:37:26,SE,visadebit,455262,49900,SEK,SE,Ecommerce,Chargeback,TRUE,1,2015-09-10 01:40:20,SwedenAccount,email328215,ip229679,card121495
452322,2015-10-29 08:33:20,FI,mcdebit,543065,427500,SEK,SE,Ecommerce,Chargeback,TRUE,1,2015-09-11 08:26:18,SwedenAccount,email175871,ip160664,card132661
452337,2015-10-09 05:40:10,SE,visadebit,453903,110000,SEK,SE,Ecommerce,Chargeback,TRUE,1,2015-09-12 11:28:04,SwedenAccount,email345322,ip87029,card172769
452339,2015-10-09 05:40:10,SE,visadebit,453903,124500,SEK,SE,Ecommerce,Chargeback,TRUE,1,2015-09-12 11:45:26,SwedenAccount,email345322,ip87029,card172769
452360,2015-11-07 07:12:35,MX,mccredit,547046,620000,SEK,SE,Ecommerce,Chargeback,TRUE,1,2015-09-13 15:21:36,SwedenAccount,email77101,ip174481,card200013
452379,2016-01-23 05:48:52,FI,visadebit,492010,538500,SEK,SE,Ecommerce,Chargeback,TRUE,1,2015-09-14 10:42:32,SwedenAccount,email253545,ip165998,card115126
453331,2015-12-21 09:35:45,NO,mccredit,512688,270000,SEK,NO,Ecommerce,Chargeback,TRUE,1,2015-10-13 00:28:59,SwedenAccount,email212465,ip226426,card93471
453332,2015-11-12 09:05:47,BR,visa,406669,713500,SEK,SE,Ecommerce,Chargeback,TRUE,1,2015-10-13 01:15:12,SwedenAccount,email105036,ip125434,card98117
453493,2015-12-03 06:03:14,FI,mccredit,518706,190000,SEK,SE,Ecommerce,Chargeback,TRUE,1,2015-10-22 20:55:27,SwedenAccount,email10250,ip174461,card68686
453540,2016-03-02 07:07:41,SE,mcdebit,554501,250000,SEK,SE,Ecommerce,Chargeback,TRUE,1,2015-10-25 18:20:26,SwedenAccount,email307443,ip174586,card214071
453549,2016-01-01 05:46:44,FI,visadebit,492025,560000,SEK,SE,Ecommerce,Chargeback,TRUE,1,2015-10-26 02:01:07,SwedenAccount,email50094,ip125937,card123854
453619,2015-12-24 11:16:55,DE,mccredit,548346,94900,SEK,SE,Ecommerce,Chargeback,TRUE,1,2015-10-29 20:49:02,SwedenAccount,email171286,ip165608,card41134
